{"name":"42662caa-dce5-40a5-936b-da4167cdbc14","id":"/providers/Microsoft.Flow/flows/42662caa-dce5-40a5-936b-da4167cdbc14","type":"Microsoft.Flow/flows","properties":{"apiId":"/providers/Microsoft.PowerApps/apis/shared_logicflows","displayName":"Create New PDF from PowerApp HTML Content","definition":{"metadata":{"workflowEntityId":null,"processAdvisorMetadata":null,"flowclientsuspensionreason":"None","flowclientsuspensiontime":null,"creator":{"id":"6c2bfba0-bbcb-4704-ac23-74183e4b76d1","type":"User","tenantId":"01fedce0-a630-44f8-b186-f9f5ab9bd981"},"provisioningMethod":"FromDefinition","failureAlertSubscription":true,"clientLastModifiedTime":"2021-12-25T12:15:09.9078061Z"},"$schema":"https://schema.management.azure.com/providers/Microsoft.Logic/schemas/2016-06-01/workflowdefinition.json#","contentVersion":"1.0.0.0","parameters":{"$connections":{"defaultValue":{},"type":"Object"},"$authentication":{"defaultValue":{},"type":"SecureObject"}},"triggers":{"manual":{"metadata":{"operationMetadataId":"ebacb6ab-d187-4555-a51f-a3ab53930852"},"type":"Request","kind":"PowerApp","inputs":{"schema":{"type":"object","properties":{"Createfile_FileContent":{"type":"string","format":"binary","description":"The content of the file.","x-ms-powerflows-param-ispartial":false}},"required":["Createfile_FileContent"]}}}},"actions":{"Create_file":{"runAfter":{"Compose":["Succeeded"]},"metadata":{"operationMetadataId":"607cce6b-683a-4d76-a7c9-16068dda4345"},"type":"OpenApiConnection","inputs":{"host":{"apiId":"/providers/Microsoft.PowerApps/apis/shared_onedriveforbusiness","connectionName":"shared_onedriveforbusiness","operationId":"CreateFile"},"parameters":{"folderPath":"/Projects","name":"New File@{utcNow()}.html","body":"@outputs('Compose')"},"authentication":{"value":"@json(decodeBase64(triggerOutputs().headers['X-MS-APIM-Tokens']))['$ConnectionKey']","type":"Raw"}},"runtimeConfiguration":{"contentTransfer":{"transferMode":"Chunked"}}},"Convert_file_using_path":{"runAfter":{"Create_file":["Succeeded"]},"metadata":{"operationMetadataId":"c8f51587-3ecc-478e-9181-e1ff078a86c7"},"type":"OpenApiConnection","inputs":{"host":{"apiId":"/providers/Microsoft.PowerApps/apis/shared_onedriveforbusiness","connectionName":"shared_onedriveforbusiness","operationId":"ConvertFileByPath"},"parameters":{"path":"@outputs('Create_file')?['body/Path']","type":"PDF"},"authentication":{"value":"@json(decodeBase64(triggerOutputs().headers['X-MS-APIM-Tokens']))['$ConnectionKey']","type":"Raw"}}},"Create_file_2":{"runAfter":{"Convert_file_using_path":["Succeeded"]},"metadata":{"operationMetadataId":"01271773-594d-4eba-a0cb-8f5920bd93f7"},"type":"OpenApiConnection","inputs":{"host":{"apiId":"/providers/Microsoft.PowerApps/apis/shared_sharepointonline","connectionName":"shared_sharepointonline","operationId":"CreateFile"},"parameters":{"dataset":"https://rosenberger1.sharepoint.com/sites/InvoicingInputsCollection","folderPath":"/Shared Documents","name":"@{outputs('Create_file')?['body/NameNoExt']}.pdf","body":"@outputs('Convert_file_using_path')?['body']"},"authentication":{"value":"@json(decodeBase64(triggerOutputs().headers['X-MS-APIM-Tokens']))['$ConnectionKey']","type":"Raw"}},"runtimeConfiguration":{"contentTransfer":{"transferMode":"Chunked"}}},"Respond_to_a_PowerApp_or_flow":{"runAfter":{"Create_file_2":["Succeeded"]},"metadata":{"operationMetadataId":"be1400e5-3eae-445c-b38b-f21e8e424373"},"type":"Response","kind":"PowerApp","inputs":{"statusCode":200,"body":{"link":"@outputs('Create_file_2')?['body/Path']"},"schema":{"type":"object","properties":{"link":{"title":"Link","x-ms-dynamically-added":true,"type":"string"}}}}},"Compose":{"runAfter":{},"metadata":{"operationMetadataId":"73d4aa2f-ab62-472a-b549-e078834aec20"},"type":"Compose","inputs":"@triggerBody()['Createfile_FileContent']"}}},"connectionReferences":{"shared_onedriveforbusiness":{"connectionName":"shared-onedriveforbu-1c857c04-a248-4033-a03b-e2fbe788f50b","source":"Invoker","id":"/providers/Microsoft.PowerApps/apis/shared_onedriveforbusiness","tier":"NotSpecified"},"shared_sharepointonline":{"connectionName":"shared-sharepointonl-1fbd252a-b7b6-45b2-898b-7d1c-4869cf0a","source":"Invoker","id":"/providers/Microsoft.PowerApps/apis/shared_sharepointonline","tier":"NotSpecified"}},"flowFailureAlertSubscribed":false,"isManaged":false}}