{"name":"a0b006b7-7a26-4b84-9e19-7f78760b376e","id":"/providers/Microsoft.Flow/flows/a0b006b7-7a26-4b84-9e19-7f78760b376e","type":"Microsoft.Flow/flows","properties":{"apiId":"/providers/Microsoft.PowerApps/apis/shared_logicflows","displayName":"EMP_ID-Create PDF with SP list items and uploaded images","definition":{"metadata":{"workflowEntityId":null,"processAdvisorMetadata":null,"flowclientsuspensionreason":"None","flowclientsuspensiontime":null,"creator":{"id":"6c2bfba0-bbcb-4704-ac23-74183e4b76d1","type":"User","tenantId":"01fedce0-a630-44f8-b186-f9f5ab9bd981"},"provisioningMethod":"FromDefinition","failureAlertSubscription":true,"clientLastModifiedTime":"2021-12-28T07:58:54.2575473Z"},"$schema":"https://schema.management.azure.com/providers/Microsoft.Logic/schemas/2016-06-01/workflowdefinition.json#","contentVersion":"1.0.0.0","parameters":{"$connections":{"defaultValue":{},"type":"Object"},"$authentication":{"defaultValue":{},"type":"SecureObject"}},"triggers":{"When_an_item_is_created":{"recurrence":{"frequency":"Minute","interval":1},"splitOn":"@triggerOutputs()?['body/value']","metadata":{"operationMetadataId":"96525cc7-04ea-4d8e-be8e-c597aef765ef"},"type":"OpenApiConnection","inputs":{"host":{"apiId":"/providers/Microsoft.PowerApps/apis/shared_sharepointonline","connectionName":"shared_sharepointonline","operationId":"GetOnNewItems"},"parameters":{"dataset":"https://rosenberger1.sharepoint.com/sites/InvoicingInputsCollection","table":"a1dd8880-e0a3-41b7-9988-1b7196846e5d"},"authentication":"@parameters('$authentication')"}}},"actions":{"Compose":{"runAfter":{"Append_to_array_variable":["Succeeded"]},"metadata":{"operationMetadataId":"7584cd68-5224-4687-92d7-fd63ef80ebf7"},"type":"Compose","inputs":"<html>\n<head>\n<title>@{triggerOutputs()?['body/FirstNAME']}</title>\n</head>\n<body>\n<div style=\"width:100%; height:100%\">\n<h1  style=\"font-family:Lucida Handwriting;font-size:40px;\">This is REZA's Flow Result</h1>\n<p>This is a paragraph.</p>\n<br>\n@{join(variables('Image'),' ')}\n<br/>\n</div>\n</body>\n</html>"},"Create_file":{"runAfter":{"Compose":["Succeeded"]},"metadata":{"operationMetadataId":"ecf29cb3-78aa-42fc-a8ac-f3daa5b8ccaa"},"type":"OpenApiConnection","inputs":{"host":{"apiId":"/providers/Microsoft.PowerApps/apis/shared_onedriveforbusiness","connectionName":"shared_onedriveforbusiness","operationId":"CreateFile"},"parameters":{"folderPath":"/EMP_ID-HTML File","name":"sample.html","body":"@outputs('Compose')"},"authentication":"@parameters('$authentication')"},"runtimeConfiguration":{"contentTransfer":{"transferMode":"Chunked"}}},"Convert_file":{"runAfter":{"Create_file":["Succeeded"]},"metadata":{"operationMetadataId":"399218a9-4b7f-40f1-9baa-964738e332d3"},"type":"OpenApiConnection","inputs":{"host":{"apiId":"/providers/Microsoft.PowerApps/apis/shared_onedriveforbusiness","connectionName":"shared_onedriveforbusiness","operationId":"ConvertFile"},"parameters":{"id":"@outputs('Create_file')?['body/Id']","type":"PDF"},"authentication":"@parameters('$authentication')"}},"Send_an_email_(V2)":{"runAfter":{"Convert_file":["Succeeded"]},"metadata":{"operationMetadataId":"dcbf2e26-1dd6-4c88-89c3-6f185b7b1cab"},"type":"OpenApiConnection","inputs":{"host":{"apiId":"/providers/Microsoft.PowerApps/apis/shared_office365","connectionName":"shared_office365","operationId":"SendEmailV2"},"parameters":{"emailMessage/To":"Swapnita.Jadhav@rosenberger.in","emailMessage/Subject":"sample PDF","emailMessage/Body":"<p>pdf attached from the image uploaded</p>","emailMessage/Attachments":[{"Name":"@outputs('Convert_file')?['headers/x-ms-file-name']","ContentBytes":"@body('Convert_file')"}]},"authentication":"@parameters('$authentication')"}},"Initialize_variable":{"runAfter":{"Compose_2":["Succeeded"]},"metadata":{"operationMetadataId":"33c44653-883f-4877-a98c-e9fb586b7a15"},"type":"InitializeVariable","inputs":{"variables":[{"name":"Image","type":"array"}]}},"Append_to_array_variable":{"runAfter":{"Initialize_variable":["Succeeded"]},"metadata":{"operationMetadataId":"09eafd26-2e18-4110-b1f2-fd862a08c59e"},"type":"AppendToArrayVariable","inputs":{"name":"Image","value":"<img style=\"width:100%\" src=\"@{outputs('Compose_2')}\"></img>"}},"Compose_2":{"runAfter":{},"metadata":{"operationMetadataId":"d4694fb2-f180-4cd9-86ad-4597a67c95a2"},"type":"Compose","inputs":"@dataUri(triggerOutputs()?['body/Imageurl'])"}}},"connectionReferences":{"shared_onedriveforbusiness":{"connectionName":"shared-onedriveforbu-1c857c04-a248-4033-a03b-e2fbe788f50b","source":"Embedded","id":"/providers/Microsoft.PowerApps/apis/shared_onedriveforbusiness","tier":"NotSpecified"},"shared_office365":{"connectionName":"shared-office365-3ef6093f-3553-437c-8a34-7f892768a81d","source":"Embedded","id":"/providers/Microsoft.PowerApps/apis/shared_office365","tier":"NotSpecified"},"shared_sharepointonline":{"connectionName":"shared-sharepointonl-1fbd252a-b7b6-45b2-898b-7d1c-4869cf0a","source":"Embedded","id":"/providers/Microsoft.PowerApps/apis/shared_sharepointonline","tier":"NotSpecified"}},"flowFailureAlertSubscribed":false,"isManaged":false}}