{"name":"132178df-d8bf-4345-bb36-4979d8008d46","id":"/providers/Microsoft.Flow/flows/132178df-d8bf-4345-bb36-4979d8008d46","type":"Microsoft.Flow/flows","properties":{"apiId":"/providers/Microsoft.PowerApps/apis/shared_logicflows","displayName":"EMP_ID-Create PDF with SP list items and attached pictures","definition":{"metadata":{"workflowEntityId":null,"processAdvisorMetadata":null,"flowclientsuspensionreason":"None","flowclientsuspensiontime":null,"creator":{"id":"6c2bfba0-bbcb-4704-ac23-74183e4b76d1","type":"User","tenantId":"01fedce0-a630-44f8-b186-f9f5ab9bd981"},"provisioningMethod":"FromDefinition","failureAlertSubscription":true,"clientLastModifiedTime":"2021-12-28T07:26:10.586364Z"},"$schema":"https://schema.management.azure.com/providers/Microsoft.Logic/schemas/2016-06-01/workflowdefinition.json#","contentVersion":"1.0.0.0","parameters":{"$connections":{"defaultValue":{},"type":"Object"},"$authentication":{"defaultValue":{},"type":"SecureObject"}},"triggers":{"When_an_item_is_created":{"recurrence":{"frequency":"Minute","interval":1},"splitOn":"@triggerOutputs()?['body/value']","metadata":{"operationMetadataId":"96525cc7-04ea-4d8e-be8e-c597aef765ef"},"type":"OpenApiConnection","inputs":{"host":{"apiId":"/providers/Microsoft.PowerApps/apis/shared_sharepointonline","connectionName":"shared_sharepointonline","operationId":"GetOnNewItems"},"parameters":{"dataset":"https://rosenberger1.sharepoint.com/sites/InvoicingInputsCollection","table":"a1dd8880-e0a3-41b7-9988-1b7196846e5d"},"authentication":"@parameters('$authentication')"}}},"actions":{"Compose":{"runAfter":{"Apply_to_each":["Succeeded"]},"metadata":{"operationMetadataId":"7584cd68-5224-4687-92d7-fd63ef80ebf7"},"type":"Compose","inputs":"<html>\n<head>\n<title>@{triggerOutputs()?['body/FirstNAME']}</title>\n</head>\n<body>\n<div style=\"width:100%; height:40%; padding:20px; text-align: center; border: 10px solid #FF5E33\">\n<div style=\"width:100%; height:20%; padding:20px; text-align: center; border: 5px solid #06038D\">\n<div style=\"width:100%; height:10%; padding:20px; margin:10px 20px 10px 20px; >\n<br>\n@{join(variables('Array'),' ')}\n<br/>\n</div>\n<h1  style=\"font-family:Lucida Handwriting;font-size:25px;\">ROSENBERGER INDIA LTD.</h1>\n<p>\n<table style=\"width:100%>\n  <tr>\n    <th style = text-align:left>Employee Code :</th>\n    <td></td>\n    <td></td>\n    <td></td>\n    <td></td>\n    <td style = text-align: right>@{triggerOutputs()?['body/Title']}</td>\n  </tr>\n  <tr>\n    <th style = text-align:left>Blood Group :</th>\n    <td></td>\n    <td></td>\n    <td></td>\n    <td></td>\n    <td style = text-align: right>@{triggerOutputs()?['body/BloodGroup']}</td>\n  </tr>\n  <tr> \n    <th style = text-align:left>Emergency Contact :</th>\n    <td></td>\n    <td></td>\n    <td></td>\n    <td></td>\n    <td style = text-align: right>@{triggerOutputs()?['body/EmergencyContact']}</td>\n  </tr>\n</table>\n</p>\n</div>\n</div>\n<div style= \"margin:0px 60px 0px 0px; text-align:Right;>\n<img width=\"40 px\" src = \"@{dataUri(outputs('Get_file_content')?['body'])}\"></img>\n<br/>\n<h1  style=\"font-family:Lucida Handwriting;font-size:20px; text-align : Right\">Authorized By</h1>\n<br/>\n</div>\n</body>\n</html>"},"Create_file":{"runAfter":{"Compose":["Succeeded"]},"metadata":{"operationMetadataId":"ecf29cb3-78aa-42fc-a8ac-f3daa5b8ccaa"},"type":"OpenApiConnection","inputs":{"host":{"apiId":"/providers/Microsoft.PowerApps/apis/shared_onedriveforbusiness","connectionName":"shared_onedriveforbusiness","operationId":"CreateFile"},"parameters":{"folderPath":"/EMP_ID-HTML File","name":"sample.html","body":"@outputs('Compose')"},"authentication":"@parameters('$authentication')"},"runtimeConfiguration":{"contentTransfer":{"transferMode":"Chunked"}}},"Convert_file":{"runAfter":{"Create_file":["Succeeded"]},"metadata":{"operationMetadataId":"399218a9-4b7f-40f1-9baa-964738e332d3"},"type":"OpenApiConnection","inputs":{"host":{"apiId":"/providers/Microsoft.PowerApps/apis/shared_onedriveforbusiness","connectionName":"shared_onedriveforbusiness","operationId":"ConvertFile"},"parameters":{"id":"@outputs('Create_file')?['body/Id']","type":"PDF"},"authentication":"@parameters('$authentication')"}},"Send_an_email_(V2)":{"runAfter":{"Convert_file":["Succeeded"]},"metadata":{"operationMetadataId":"dcbf2e26-1dd6-4c88-89c3-6f185b7b1cab"},"type":"OpenApiConnection","inputs":{"host":{"apiId":"/providers/Microsoft.PowerApps/apis/shared_office365","connectionName":"shared_office365","operationId":"SendEmailV2"},"parameters":{"emailMessage/To":"Swapnita.Jadhav@rosenberger.in","emailMessage/Subject":"sample PDF","emailMessage/Body":"<p>pdf attached for the attachements</p>","emailMessage/Attachments":[{"Name":"@outputs('Convert_file')?['headers/x-ms-file-name']","ContentBytes":"@body('Convert_file')"}]},"authentication":"@parameters('$authentication')"}},"Get_attachments":{"runAfter":{"Initialize_variable_4":["Succeeded"]},"metadata":{"operationMetadataId":"bea0f345-a806-49e0-b05f-23758186f8f1"},"type":"OpenApiConnection","inputs":{"host":{"apiId":"/providers/Microsoft.PowerApps/apis/shared_sharepointonline","connectionName":"shared_sharepointonline","operationId":"GetItemAttachments"},"parameters":{"dataset":"https://rosenberger1.sharepoint.com/sites/InvoicingInputsCollection","table":"a1dd8880-e0a3-41b7-9988-1b7196846e5d","itemId":"@triggerOutputs()?['body/ID']"},"authentication":"@parameters('$authentication')"}},"Apply_to_each":{"foreach":"@body('Get_attachments')","actions":{"Get_attachment_content":{"runAfter":{},"metadata":{"operationMetadataId":"e14152c3-9f18-42f2-b56d-568238c531c0"},"type":"OpenApiConnection","inputs":{"host":{"apiId":"/providers/Microsoft.PowerApps/apis/shared_sharepointonline","connectionName":"shared_sharepointonline","operationId":"GetAttachmentContent"},"parameters":{"dataset":"https://rosenberger1.sharepoint.com/sites/InvoicingInputsCollection","table":"a1dd8880-e0a3-41b7-9988-1b7196846e5d","itemId":"@triggerOutputs()?['body/ID']","attachmentId":"@item()?['Id']"},"authentication":"@parameters('$authentication')"}},"Append_to_array_variable":{"runAfter":{"Get_attachment_content":["Succeeded"]},"metadata":{"operationMetadataId":"58b1dbdc-d526-48e1-9ef9-a66e878a51ea"},"type":"AppendToArrayVariable","inputs":{"name":"Array","value":"<img style=\"width:100%\" src=\"@{dataUri(outputs('Get_attachment_content')?['body'])}\"></img>"}}},"runAfter":{"Get_attachments":["Succeeded"]},"metadata":{"operationMetadataId":"d89afeb4-5ede-4bae-a102-8adbccba869e"},"type":"Foreach"},"Initialize_variable":{"runAfter":{"Get_file_content":["Succeeded"]},"metadata":{"operationMetadataId":"1e0d98bc-b441-4bdf-b48f-316e0296937b"},"type":"InitializeVariable","inputs":{"variables":[{"name":"Array","type":"array"}]}},"Initialize_variable_4":{"runAfter":{"Initialize_variable":["Succeeded"]},"metadata":{"operationMetadataId":"bc4a23e2-0abc-4e97-8fbd-25c4f6230ecd"},"type":"InitializeVariable","inputs":{"variables":[{"name":"Base64","type":"string"}]}},"Get_file_content":{"runAfter":{},"metadata":{"b!KZ_1ZJoMykq7y5q9Qvg8H7Lbql8lKgdAlmjpTxCehB3RGY0FWe1RRYF3NmjZPauR.01WI4TI7L4EEQABRIXPVA33F5REQXX3EXB":"/EMP_ID-HTML File/sample signature.jpg","operationMetadataId":"d77ddaa2-170f-4631-bae0-39fa7d352d44"},"type":"OpenApiConnection","inputs":{"host":{"apiId":"/providers/Microsoft.PowerApps/apis/shared_onedriveforbusiness","connectionName":"shared_onedriveforbusiness","operationId":"GetFileContent"},"parameters":{"id":"b!KZ_1ZJoMykq7y5q9Qvg8H7Lbql8lKgdAlmjpTxCehB3RGY0FWe1RRYF3NmjZPauR.01WI4TI7L4EEQABRIXPVA33F5REQXX3EXB","inferContentType":true},"authentication":"@parameters('$authentication')"}}}},"connectionReferences":{"shared_onedriveforbusiness":{"connectionName":"shared-onedriveforbu-1c857c04-a248-4033-a03b-e2fbe788f50b","source":"Embedded","id":"/providers/Microsoft.PowerApps/apis/shared_onedriveforbusiness","tier":"NotSpecified"},"shared_office365":{"connectionName":"shared-office365-3ef6093f-3553-437c-8a34-7f892768a81d","source":"Embedded","id":"/providers/Microsoft.PowerApps/apis/shared_office365","tier":"NotSpecified"},"shared_sharepointonline":{"connectionName":"shared-sharepointonl-1fbd252a-b7b6-45b2-898b-7d1c-4869cf0a","source":"Embedded","id":"/providers/Microsoft.PowerApps/apis/shared_sharepointonline","tier":"NotSpecified"}},"flowFailureAlertSubscribed":false,"isManaged":false}}