{"schemaVersion":"1.0","appDefinitionTemplate":{"id":"/providers/Microsoft.PowerApps/apps/","type":"Microsoft.PowerApps/apps","tags":{"primaryDeviceWidth":"640","primaryDeviceHeight":"1136","sienaVersion":"20220416T153530Z-3.22041.27.0","deviceCapabilities":"","supportsPortrait":"true","supportsLandscape":"true","primaryFormFactor":"Phone","publisherVersion":"3.22041.27","minimumRequiredApiVersion":"2.2.0","hasComponent":"false","hasUnlockedComponent":"false","isUnifiedRootApp":"false"},"properties":{"appVersion":"2022-04-16T15:35:30Z","lifeCycleId":"Published","createdByClientVersion":{"major":3,"minor":22041,"build":27,"revision":0,"majorRevision":0,"minorRevision":0},"minClientVersion":{"major":3,"minor":22041,"build":27,"revision":0,"majorRevision":0,"minorRevision":0},"backgroundColor":"RGBA(0,176,240,1)","backgroundImageUri":"/15147174621582688906/Nee2c281f-b098-4576-aac0-11872f47054c-logoSmallFile","displayName":"EMP_ID_Revised2","description":"","commitMessage":"","appUris":{"documentUri":{"value":"/15147174621582688906/N95d15b2e-6ea2-43d9-8a69-c561ab8ecb03-document.msapp"},"imageUris":[]},"createdTime":"0001-01-01T00:00:00Z","lastModifiedTime":"0001-01-01T00:00:00Z","sharedGroupsCount":0,"sharedUsersCount":0,"icons":{"smallIconUri":"/15147174621582688906/Nfccd7720-d61d-493c-938b-3ccc3d0c8b81-small.png","mediumIconUri":"/15147174621582688906/N0ea449d1-9196-4df8-b56c-d70d0f0712e3-medium.png","largeIconUri":"/15147174621582688906/Nc38857d2-5929-46eb-bd9d-6471e51290fb-large.png","wideIconUri":"/15147174621582688906/N026b2b80-5f95-4b9c-942d-a4994959938a-wide.png"},"connectionReferences":{"e559f1bf-d84f-4acf-b884-40c3a7071575":{"id":"509fea82-17dc-4dad-a0fe-15b3d9ea2171","displayName":"SharePoint","iconUri":"https://connectoricons-prod.azureedge.net/releases/v1.0.1568/1.0.1568.2757/sharepointonline/icon.png","dataSources":["EMP_ID"],"dependencies":[],"dependents":["52c0f8d1-6650-499a-97f1-e12bb68180aa"],"parameterHints":{},"parameterHintsV2":{},"isOnPremiseConnection":false,"bypassConsent":false,"dataSets":{"https://rosenberger1.sharepoint.com/sites/InvoicingInputsCollection":{"dataSources":{"EMP_ID":{"tableName":"a1dd8880-e0a3-41b7-9988-1b7196846e5d"}}}},"apiTier":"Standard","isCustomApiConnection":false,"actions":["providers/PowerPlatform.Governance/Operations/Read","providers/PowerPlatform.Governance/Operations/Write"]},"52c0f8d1-6650-499a-97f1-e12bb68180aa":{"id":"d99b9167-ac32-4228-a0d8-b825820941bb","displayName":"Logic flows","iconUri":"https://connectoricons-prod.azureedge.net/releases/v1.0.1534/1.0.1534.2605/logicflows/icon.png","dataSources":["CreateNewPDFfromPowerAppHTMLContent"],"dependencies":["7a46a630-c74d-4079-bd3b-b5547066bbd1","e559f1bf-d84f-4acf-b884-40c3a7071575"],"dependents":[],"parameterHints":{"workflowName":{"value":"89b42179-56c2-40d5-922b-ded292cdbf05"},"workflowEntityId":{},"7a46a630-c74d-4079-bd3b-b5547066bbd1":{"value":"shared_onedriveforbusiness"},"e559f1bf-d84f-4acf-b884-40c3a7071575":{"value":"shared_sharepointonline"}},"parameterHintsV2":{"workflowName":{"value":"89b42179-56c2-40d5-922b-ded292cdbf05"},"workflowEntityId":{},"shared_onedriveforbusiness":{"value":"7a46a630-c74d-4079-bd3b-b5547066bbd1"},"shared_sharepointonline":{"value":"e559f1bf-d84f-4acf-b884-40c3a7071575"}},"isOnPremiseConnection":false,"bypassConsent":false,"dataSets":{},"apiTier":"Standard","isCustomApiConnection":false,"actions":["Run"],"nestedActions":[{"id":"/providers/Microsoft.PowerApps/apis/shared_onedriveforbusiness/apiOperations/CreateFile","apiName":"OneDrive for Business","actionName":"CreateFile","referencedResources":[]},{"id":"/providers/Microsoft.PowerApps/apis/shared_onedriveforbusiness/apiOperations/ConvertFileByPath","apiName":"OneDrive for Business","actionName":"ConvertFileByPath","referencedResources":[]},{"id":"/providers/Microsoft.PowerApps/apis/shared_sharepointonline/apiOperations/CreateFile","apiName":"SharePoint","actionName":"CreateFile","referencedResources":[{"key":"site","value":"https://rosenberger1.sharepoint.com/sites/InvoicingInputsCollection"}]}]},"7a46a630-c74d-4079-bd3b-b5547066bbd1":{"id":"5066f603-39d1-41e8-8aee-2bf0c6d82e07","displayName":"OneDrive for Business","iconUri":"https://connectoricons-prod.azureedge.net/releases/v1.0.1546/1.0.1546.2665/onedriveforbusiness/icon.png","dataSources":[],"dependencies":[],"dependents":["52c0f8d1-6650-499a-97f1-e12bb68180aa"],"parameterHints":{},"parameterHintsV2":{},"isOnPremiseConnection":false,"bypassConsent":false,"dataSets":{},"apiTier":"Standard","isCustomApiConnection":false},"7ebf5035-dd47-4e69-bbd2-be8d577ddc0d":{"id":"a9a17c45-beb3-4fa5-af52-07b9adf03390","displayName":"Office 365 Outlook","iconUri":"https://connectoricons-prod.azureedge.net/releases/v1.0.1566/1.0.1566.2741/office365/icon.png","dataSources":["Office365Outlook"],"dependencies":[],"dependents":[],"parameterHints":{},"parameterHintsV2":{},"isOnPremiseConnection":false,"bypassConsent":false,"dataSets":{},"apiTier":"Standard","isCustomApiConnection":false,"actions":["CalendarGetTables","GetEventsCalendarViewV2","V2CalendarPostItem","GetRoomsInRoomList","FindMeetingTimes","GetRoomLists","GetRooms","SendEmail"]},"a47fd201-684b-4c73-bd7e-4fea2ebbde40":{"id":"896bc2d6-f2d2-43ba-aa1a-42441dd8a620","displayName":"Office 365 Users","iconUri":"https://connectoricons-prod.azureedge.net/releases/v1.0.1563/1.0.1563.2732/office365users/icon.png","dataSources":["Office365Users"],"dependencies":[],"dependents":[],"parameterHints":{},"parameterHintsV2":{},"isOnPremiseConnection":false,"bypassConsent":false,"dataSets":{},"apiTier":"Standard","isCustomApiConnection":false,"actions":["SearchUser","UserPhotoV2"]}},"databaseReferences":{},"almMode":"Environment","performanceOptimizationEnabled":true,"canConsumeAppPass":true,"executionRestrictions":{"isTeamsOnly":false,"dataLossPreventionEvaluationResult":{"status":"Compliant","lastEvaluationDate":"2022-04-16T15:35:55.3587716Z","violations":[],"violationsByPolicy":[],"violationErrorMessage":"The app uses the following connectors: shared_sharepointonline, shared_logicflows, shared_onedriveforbusiness, shared_office365, shared_office365users."},"httpActionRestriction":{"appUsesSharepointHttpAction":false,"enforcementStrategy":"Legacy","evaluationTime":"2022-04-16T15:35:55.3587716Z"}}},"appType":"ClassicCanvasApp","appComponents":[]}}