{"schemaVersion":"1.0","appDefinitionTemplate":{"id":"/providers/Microsoft.PowerApps/apps/","type":"Microsoft.PowerApps/apps","tags":{"primaryDeviceWidth":"640","primaryDeviceHeight":"1136","sienaVersion":"20220227T142432Z-3.22022.28.0","deviceCapabilities":"","supportsPortrait":"true","supportsLandscape":"true","primaryFormFactor":"Phone","publisherVersion":"3.22021.27","minimumRequiredApiVersion":"2.2.0","hasComponent":"false","hasUnlockedComponent":"false","isUnifiedRootApp":"false"},"properties":{"appVersion":"2022-02-27T14:24:32Z","lifeCycleId":"Published","createdByClientVersion":{"major":3,"minor":22021,"build":27,"revision":0,"majorRevision":0,"minorRevision":0},"minClientVersion":{"major":3,"minor":22021,"build":27,"revision":0,"majorRevision":0,"minorRevision":0},"backgroundColor":"RGBA(0,176,240,1)","backgroundImageUri":"/12895717827099540267/Ne270dd3f-9528-4c75-b882-ecd5bc1a968f-logoSmallFile","displayName":"EMP_ID","description":"","commitMessage":"","appUris":{"documentUri":{"value":"/12895717827099540267/Ne86a8816-1074-422e-bb9e-4d81faec57e0-document.msapp"},"imageUris":[]},"createdTime":"0001-01-01T00:00:00Z","lastModifiedTime":"0001-01-01T00:00:00Z","sharedGroupsCount":0,"sharedUsersCount":0,"icons":{"smallIconUri":"/12895717827099540267/N192d6d36-b518-404b-8312-2c80087de1d4-small.png","mediumIconUri":"/12895717827099540267/Ne2248274-f833-45ce-bf98-5d16fcd3ea9b-medium.png","largeIconUri":"/12895717827099540267/N0d208a3c-6562-449b-b3d5-4bfa21267024-large.png","wideIconUri":"/12895717827099540267/Ndb7ba32b-18be-46aa-8c05-7f4679b41887-wide.png"},"connectionReferences":{"e559f1bf-d84f-4acf-b884-40c3a7071575":{"id":"509fea82-17dc-4dad-a0fe-15b3d9ea2171","displayName":"SharePoint","iconUri":"https://connectoricons-prod.azureedge.net/releases/v1.0.1550/1.0.1550.2686/sharepointonline/icon.png","dataSources":["EMP_ID"],"dependencies":[],"dependents":["52c0f8d1-6650-499a-97f1-e12bb68180aa","ea1f566a-b5d0-4d01-bb2f-c930ba143e9e"],"parameterHints":{},"parameterHintsV2":{},"isOnPremiseConnection":false,"bypassConsent":false,"dataSets":{"https://rosenberger1.sharepoint.com/sites/InvoicingInputsCollection":{"dataSources":{"EMP_ID":{"tableName":"a1dd8880-e0a3-41b7-9988-1b7196846e5d"}}}},"apiTier":"Standard","isCustomApiConnection":false,"actions":["providers/PowerPlatform.Governance/Operations/Read","providers/PowerPlatform.Governance/Operations/Write"]},"52c0f8d1-6650-499a-97f1-e12bb68180aa":{"id":"d99b9167-ac32-4228-a0d8-b825820941bb","displayName":"Logic flows","iconUri":"https://connectoricons-prod.azureedge.net/releases/v1.0.1534/1.0.1534.2605/logicflows/icon.png","dataSources":["CreateNewPDFfromPowerAppHTMLContent"],"dependencies":["7a46a630-c74d-4079-bd3b-b5547066bbd1","e559f1bf-d84f-4acf-b884-40c3a7071575"],"dependents":[],"parameterHints":{"workflowName":{"value":"89b42179-56c2-40d5-922b-ded292cdbf05"},"workflowEntityId":{},"7a46a630-c74d-4079-bd3b-b5547066bbd1":{"value":"shared_onedriveforbusiness"},"e559f1bf-d84f-4acf-b884-40c3a7071575":{"value":"shared_sharepointonline"}},"parameterHintsV2":{"workflowName":{"value":"89b42179-56c2-40d5-922b-ded292cdbf05"},"workflowEntityId":{},"shared_onedriveforbusiness":{"value":"7a46a630-c74d-4079-bd3b-b5547066bbd1"},"shared_sharepointonline":{"value":"e559f1bf-d84f-4acf-b884-40c3a7071575"}},"isOnPremiseConnection":false,"bypassConsent":false,"dataSets":{},"apiTier":"Standard","isCustomApiConnection":false,"actions":["Run"]},"7a46a630-c74d-4079-bd3b-b5547066bbd1":{"id":"5066f603-39d1-41e8-8aee-2bf0c6d82e07","displayName":"OneDrive for Business","iconUri":"https://connectoricons-prod.azureedge.net/releases/v1.0.1546/1.0.1546.2665/onedriveforbusiness/icon.png","dataSources":[],"dependencies":[],"dependents":["52c0f8d1-6650-499a-97f1-e12bb68180aa"],"parameterHints":{},"parameterHintsV2":{},"isOnPremiseConnection":false,"bypassConsent":false,"dataSets":{},"apiTier":"Standard","isCustomApiConnection":false},"ea1f566a-b5d0-4d01-bb2f-c930ba143e9e":{"id":"d99b9167-ac32-4228-a0d8-b825820941bb","displayName":"Logic flows","iconUri":"https://connectoricons-prod.azureedge.net/releases/v1.0.1534/1.0.1534.2605/logicflows/icon.png","dataSources":["I&C_PICtoSP"],"dependencies":["e559f1bf-d84f-4acf-b884-40c3a7071575"],"dependents":[],"parameterHints":{"workflowName":{"value":"9f81a975-36e5-4d8d-a47a-dc68777278d7"},"workflowEntityId":{},"e559f1bf-d84f-4acf-b884-40c3a7071575":{"value":"shared_sharepointonline"}},"parameterHintsV2":{"workflowName":{"value":"9f81a975-36e5-4d8d-a47a-dc68777278d7"},"workflowEntityId":{},"shared_sharepointonline":{"value":"e559f1bf-d84f-4acf-b884-40c3a7071575"}},"isOnPremiseConnection":false,"bypassConsent":false,"dataSets":{},"apiTier":"Standard","isCustomApiConnection":false,"actions":["Run"]},"7ebf5035-dd47-4e69-bbd2-be8d577ddc0d":{"id":"a9a17c45-beb3-4fa5-af52-07b9adf03390","displayName":"Office 365 Outlook","iconUri":"https://connectoricons-prod.azureedge.net/releases/v1.0.1538/1.0.1538.2621/office365/icon.png","dataSources":["Office365Outlook"],"dependencies":[],"dependents":[],"parameterHints":{},"parameterHintsV2":{},"isOnPremiseConnection":false,"bypassConsent":false,"dataSets":{},"apiTier":"Standard","isCustomApiConnection":false,"actions":["CalendarGetTables","GetEventsCalendarViewV2","V2CalendarPostItem","FindMeetingTimes","GetRoomLists","GetRooms","GetRoomsInRoomList","SendEmail"]},"a47fd201-684b-4c73-bd7e-4fea2ebbde40":{"id":"896bc2d6-f2d2-43ba-aa1a-42441dd8a620","displayName":"Office 365 Users","iconUri":"https://connectoricons-prod.azureedge.net/releases/v1.0.1551/1.0.1551.2693/office365users/icon.png","dataSources":["Office365Users"],"dependencies":[],"dependents":[],"parameterHints":{},"parameterHintsV2":{},"isOnPremiseConnection":false,"bypassConsent":false,"dataSets":{},"apiTier":"Standard","isCustomApiConnection":false,"actions":["SearchUser","UserPhotoV2"]}},"databaseReferences":{},"almMode":"Environment","performanceOptimizationEnabled":true,"canConsumeAppPass":true,"executionRestrictions":{"isTeamsOnly":false,"dataLossPreventionEvaluationResult":{"status":"Compliant","lastEvaluationDate":"2021-12-23T11:39:58.4667876Z","violations":[],"violationsByPolicy":[],"violationErrorMessage":"The app uses the following connectors: ."}}},"appType":"ClassicCanvasApp","appComponents":[]}}