{"schemaVersion":"1.0","appDefinitionTemplate":{"id":"/providers/Microsoft.PowerApps/apps/","type":"Microsoft.PowerApps/apps","tags":{"primaryDeviceWidth":"1366","primaryDeviceHeight":"768","sienaVersion":"20220306T174537Z-3.22022.23.0","deviceCapabilities":"","supportsPortrait":"true","supportsLandscape":"true","primaryFormFactor":"Tablet","publisherVersion":"3.22022.23","minimumRequiredApiVersion":"2.2.0","hasComponent":"true","hasUnlockedComponent":"true","isUnifiedRootApp":"false"},"properties":{"appVersion":"2022-03-06T17:45:37Z","lifeCycleId":"Published","createdByClientVersion":{"major":3,"minor":22022,"build":23,"revision":0,"majorRevision":0,"minorRevision":0},"minClientVersion":{"major":3,"minor":22022,"build":23,"revision":0,"majorRevision":0,"minorRevision":0},"backgroundColor":"RGBA(0,176,240,1)","backgroundImageUri":"/1811362806166718625/Nd10443c5-5f0e-41a2-9331-ec56bc516aa0-logoSmallFile","displayName":"2022 InvoicingVsEngagements_Dash Board_FNL","description":"","commitMessage":"","appUris":{"documentUri":{"value":"/1811362806166718625/N06319569-18fa-488f-956f-385fdc8b71ee-document.msapp"},"imageUris":[]},"createdTime":"0001-01-01T00:00:00Z","lastModifiedTime":"0001-01-01T00:00:00Z","sharedGroupsCount":0,"sharedUsersCount":0,"icons":{"smallIconUri":"/1811362806166718625/N7fe7fb03-7cfe-4c8c-8432-603f530cec57-small.png","mediumIconUri":"/1811362806166718625/N2bf01eef-b24b-4826-b648-52b936e9f76c-medium.png","largeIconUri":"/1811362806166718625/Nbbb93aaf-f930-49d6-adea-b7c1d716f127-large.png","wideIconUri":"/1811362806166718625/N1e84acdd-4957-4266-8fa9-60cebc44bd24-wide.png"},"connectionReferences":{"fb69733b-5b2d-43f3-84de-9a4417cbccc6":{"id":"509fea82-17dc-4dad-a0fe-15b3d9ea2171","displayName":"SharePoint","iconUri":"https://connectoricons-prod.azureedge.net/releases/v1.0.1554/1.0.1554.2707/sharepointonline/icon.png","dataSources":["Targets 2022_1","Invoicing_RJIO_ORG","Invoicing_SERVICES - H - ORG","Weekly Investments DJ - ORG","Weekly Investments SP - ORG","Weekly Investments SV - ORG","Targets 2022_DJ-ORG","Targets 2022_SV-ORG","Targets 2022-SP-ORG","Products Listings_ORG","Invoicing_SERVICES-SH_ORG","Invoicing_VIL_SPC_ORG"],"dependencies":[],"dependents":[],"parameterHints":{},"parameterHintsV2":{},"isOnPremiseConnection":false,"bypassConsent":false,"dataSets":{"https://rosenberger1.sharepoint.com/sites/InvoicingInputsCollection":{"dataSources":{"Targets 2022_1":{"tableName":"ee260112-9fb7-4e28-b76d-72fa5e926a12"}}},"https://rosenberger1.sharepoint.com/sites/SalesOrderTracking":{"dataSources":{"Invoicing_RJIO_ORG":{"tableName":"f054740e-3777-4c56-b92b-24df6f17cfbe"},"Invoicing_SERVICES - H - ORG":{"tableName":"014dc5e1-0d27-42c3-b134-24d8b45b0c1e"},"Weekly Investments DJ - ORG":{"tableName":"a8e0b6d3-c539-42b7-a381-eda0c952890e"},"Weekly Investments SP - ORG":{"tableName":"20b0c628-0ba0-4abe-906d-aa9e01ef5b2c"},"Weekly Investments SV - ORG":{"tableName":"d1cafba6-abd0-4a6d-a8c1-cdadf6c2ceaa"},"Targets 2022_DJ-ORG":{"tableName":"4d23c0eb-2e8a-46ec-823e-cd7176aadc96"},"Targets 2022_SV-ORG":{"tableName":"09940a0e-c657-4875-ba29-d644bda3bc0a"},"Targets 2022-SP-ORG":{"tableName":"ff0923db-bc1b-4a51-b753-f3994c40bf31"},"Products Listings_ORG":{"tableName":"96a187d8-529a-4942-a2dd-731bc62ba77f"},"Invoicing_SERVICES-SH_ORG":{"tableName":"0954abfa-2a14-49e7-8b15-07e03ebd573a"},"Invoicing_VIL_SPC_ORG":{"tableName":"e26090b2-d4b4-4549-b61f-2f70a024667f"}}}},"apiTier":"Standard","isCustomApiConnection":false,"actions":["providers/PowerPlatform.Governance/Operations/Read"]},"d4d94d55-4576-4757-affe-d8dfbf4398af":{"id":"5f71c4b6-e382-4b37-b79f-6093871a1ca0","displayName":"Power BI","iconUri":"https://connectoricons-prod.azureedge.net/releases/v1.0.1544/1.0.1544.2640/powerbi/icon.png","dataSources":["PowerBI"],"dependencies":[],"dependents":[],"parameterHints":{},"parameterHintsV2":{},"isOnPremiseConnection":false,"bypassConsent":false,"dataSets":{},"apiTier":"Standard","isCustomApiConnection":false},"4e266c05-3808-4122-9c48-afddb8369d73":{"id":"6e4de542-e77a-4d3f-9ac3-d985dd40eebf","displayName":"Power Query Dataflows","iconUri":"https://connectoricons-prod.azureedge.net/releases/v1.0.1535/1.0.1535.2607/dataflows/icon.png","dataSources":["PowerQueryDataflows"],"dependencies":[],"dependents":[],"parameterHints":{},"parameterHintsV2":{},"isOnPremiseConnection":false,"bypassConsent":false,"dataSets":{},"apiTier":"Standard","isCustomApiConnection":false}},"databaseReferences":{},"almMode":"Environment","performanceOptimizationEnabled":true,"canConsumeAppPass":true,"executionRestrictions":{"isTeamsOnly":false,"dataLossPreventionEvaluationResult":{"status":"Compliant","lastEvaluationDate":"2022-01-05T04:47:50.1726537Z","violations":[],"violationsByPolicy":[],"violationErrorMessage":"The app uses the following connectors: shared_sharepointonline, shared_powerbi, shared_dataflows."}}},"appType":"ClassicCanvasApp","appComponents":[]}}