{"schemaVersion":"1.0","appDefinitionTemplate":{"id":"/providers/Microsoft.PowerApps/apps/","type":"Microsoft.PowerApps/apps","tags":{"primaryDeviceWidth":"1366","primaryDeviceHeight":"768","sienaVersion":"20211207T061448Z-3.21113.12.0","deviceCapabilities":"","supportsPortrait":"true","supportsLandscape":"true","primaryFormFactor":"Tablet","publisherVersion":"3.21113.12","minimumRequiredApiVersion":"2.2.0","hasComponent":"true","hasUnlockedComponent":"true","isUnifiedRootApp":"false"},"properties":{"appVersion":"2021-12-07T06:14:48Z","lifeCycleId":"Published","createdByClientVersion":{"major":3,"minor":21113,"build":12,"revision":0,"majorRevision":0,"minorRevision":0},"minClientVersion":{"major":3,"minor":21113,"build":12,"revision":0,"majorRevision":0,"minorRevision":0},"backgroundColor":"RGBA(0,176,240,1)","backgroundImageUri":"/4218345922567362226/Nbfa4d8b1-b258-407a-975a-17a644e36550-logoSmallFile","displayName":"2022 InvoicingVsEngagements_Dash Board","description":"","commitMessage":"","appUris":{"documentUri":{"value":"/4218345922567362226/N75356a7c-ac1e-4a99-8545-fe798d371504-document.msapp"},"imageUris":[]},"createdTime":"0001-01-01T00:00:00Z","lastModifiedTime":"0001-01-01T00:00:00Z","sharedGroupsCount":0,"sharedUsersCount":0,"icons":{"smallIconUri":"/4218345922567362226/Na4ddd8d9-b720-4f66-82c4-7838b04b1503-small.png","mediumIconUri":"/4218345922567362226/Ncb03b407-fc2d-4151-9485-9e16660352bc-medium.png","largeIconUri":"/4218345922567362226/Nb32a8911-bfa8-4d82-bd03-3453cdbf4d69-large.png","wideIconUri":"/4218345922567362226/N8ea22856-d8e3-4fcf-926b-efb6f54d5e5a-wide.png"},"connectionReferences":{"fb69733b-5b2d-43f3-84de-9a4417cbccc6":{"id":"509fea82-17dc-4dad-a0fe-15b3d9ea2171","displayName":"SharePoint","iconUri":"https://connectoricons-prod.azureedge.net/releases/v1.0.1533/1.0.1533.2600/sharepointonline/icon.png","dataSources":["Invoicing","Products Listings","Invoicing_VIL_SPC","Invoicing_SERVICES","Invoicing_SERVICES - H","Invoicing_SERVICES-SH","Targets 2022_1","Targets 2022_SV","Targets 2022_DJ","Consolidated Weekly Engagements","Invoicing_RJIO"],"dependencies":[],"dependents":[],"parameterHints":{},"parameterHintsV2":{},"isOnPremiseConnection":false,"bypassConsent":false,"dataSets":{"https://rosenberger1.sharepoint.com/sites/InvoicingInputsCollection":{"dataSources":{"Invoicing":{"tableName":"0dc1a5df-875f-458c-a2bd-b2e2b5b58abc"},"Products Listings":{"tableName":"3a7968d3-7f56-4ccb-92f5-91f7687d5fda"},"Invoicing_VIL_SPC":{"tableName":"553cd19b-6d16-4141-9251-427a811455ad"},"Invoicing_SERVICES":{"tableName":"125cb652-dc70-420f-bc0e-24631cb06bb0"},"Invoicing_SERVICES - H":{"tableName":"125cb652-dc70-420f-bc0e-24631cb06bb0"},"Invoicing_SERVICES-SH":{"tableName":"53b91910-3297-4f54-a791-60c8a23ae003"},"Targets 2022_1":{"tableName":"ee260112-9fb7-4e28-b76d-72fa5e926a12"},"Targets 2022_SV":{"tableName":"68b70f26-13a7-46bc-a87b-d09d04f78418"},"Targets 2022_DJ":{"tableName":"7f9ec89b-a135-41b4-ad3e-877fe6e4be21"},"Consolidated Weekly Engagements":{"tableName":"4f6ea292-63fb-44c1-b21a-b2cd7f97dc48"},"Invoicing_RJIO":{"tableName":"e062ce81-7243-4296-92f4-6219b33e26d1"}}}},"apiTier":"Standard","isCustomApiConnection":false,"actions":["providers/PowerPlatform.Governance/Operations/Read"]},"d4d94d55-4576-4757-affe-d8dfbf4398af":{"id":"5f71c4b6-e382-4b37-b79f-6093871a1ca0","displayName":"Power BI","iconUri":"https://connectoricons-prod.azureedge.net/releases/v1.0.1536/1.0.1536.2611/powerbi/icon.png","dataSources":["PowerBI"],"dependencies":[],"dependents":[],"parameterHints":{},"parameterHintsV2":{},"isOnPremiseConnection":false,"bypassConsent":false,"dataSets":{},"apiTier":"Standard","isCustomApiConnection":false},"4e266c05-3808-4122-9c48-afddb8369d73":{"id":"6e4de542-e77a-4d3f-9ac3-d985dd40eebf","displayName":"Power Query Dataflows","iconUri":"https://connectoricons-prod.azureedge.net/releases/v1.0.1535/1.0.1535.2607/dataflows/icon.png","dataSources":["PowerQueryDataflows"],"dependencies":[],"dependents":[],"parameterHints":{},"parameterHintsV2":{},"isOnPremiseConnection":false,"bypassConsent":false,"dataSets":{},"apiTier":"Standard","isCustomApiConnection":false}},"databaseReferences":{},"almMode":"Environment","performanceOptimizationEnabled":true,"canConsumeAppPass":true,"executionRestrictions":{"isTeamsOnly":false,"dataLossPreventionEvaluationResult":{"status":"Compliant","lastEvaluationDate":"2021-10-22T19:42:30.031302Z","violations":[],"violationsByPolicy":[],"violationErrorMessage":"The app uses the following connectors: shared_sharepointonline, shared_powerbi, shared_dataflows."}}},"appType":"ClassicCanvasApp","appComponents":[]}}