{"name":"933112b5-92c2-4021-b4fa-8bf94641c612","id":"/providers/Microsoft.Flow/flows/933112b5-92c2-4021-b4fa-8bf94641c612","type":"Microsoft.Flow/flows","properties":{"apiId":"/providers/Microsoft.PowerApps/apis/shared_logicflows","displayName":"I&C_PICtoSP","definition":{"metadata":{"workflowEntityId":null,"processAdvisorMetadata":null,"flowclientsuspensionreason":"None","flowclientsuspensiontime":null,"creator":{"id":"6c2bfba0-bbcb-4704-ac23-74183e4b76d1","type":"User","tenantId":"01fedce0-a630-44f8-b186-f9f5ab9bd981"},"provisioningMethod":"FromDefinition","failureAlertSubscription":true,"clientLastModifiedTime":"2021-12-25T12:22:52.9428599Z"},"$schema":"https://schema.management.azure.com/providers/Microsoft.Logic/schemas/2016-06-01/workflowdefinition.json#","contentVersion":"1.0.0.0","parameters":{"$connections":{"defaultValue":{},"type":"Object"},"$authentication":{"defaultValue":{},"type":"SecureObject"}},"triggers":{"manual":{"metadata":{"operationMetadataId":"d4c46970-96d0-4cc6-b524-f9f32feac800"},"type":"Request","kind":"PowerApp","inputs":{"schema":{"type":"object","properties":{"Createfile_FileName":{"type":"string","description":"Name of the file.. This parameter is used as part of \"ADF38BE0-0F0A-43E2-B68E-FCF368C32299\"","x-ms-powerflows-param-ispartial":true},"Createfile_FileContent":{"type":"string","format":"binary","description":"Content of the file.","x-ms-powerflows-param-ispartial":false},"Updatefileproperties_Title":{"type":"string","x-ms-powerflows-param-ispartial":false}},"required":["Createfile_FileName","Createfile_FileContent","Updatefileproperties_Title"]}}}},"actions":{"Create_file":{"runAfter":{"Compose":["Succeeded"]},"metadata":{"operationMetadataId":"3ead9076-8315-42fd-8d87-3573671fcd50"},"type":"OpenApiConnection","inputs":{"host":{"apiId":"/providers/Microsoft.PowerApps/apis/shared_sharepointonline","connectionName":"shared_sharepointonline","operationId":"CreateFile"},"parameters":{"dataset":"https://rosenberger1.sharepoint.com/sites/InvoicingInputsCollection","folderPath":"/Pic","name":"@{triggerBody()['Createfile_FileName']}.jpg","body":"@outputs('Compose')"},"authentication":{"value":"@json(decodeBase64(triggerOutputs().headers['X-MS-APIM-Tokens']))['$ConnectionKey']","type":"Raw"}},"runtimeConfiguration":{"contentTransfer":{"transferMode":"Chunked"}}},"Compose":{"runAfter":{},"metadata":{"operationMetadataId":"8488229d-6ac9-40ce-a1e5-e0bd617ea4e3"},"type":"Compose","inputs":"@dataUriToBinary(triggerBody()['Createfile_FileContent'])"},"Update_file_properties":{"runAfter":{"Create_file":["Succeeded"]},"metadata":{"operationMetadataId":"4ce0742c-19d5-4ba6-a743-db31968e0bb8"},"type":"OpenApiConnection","inputs":{"host":{"apiId":"/providers/Microsoft.PowerApps/apis/shared_sharepointonline","connectionName":"shared_sharepointonline","operationId":"PatchFileItem"},"parameters":{"dataset":"https://rosenberger1.sharepoint.com/sites/InvoicingInputsCollection","table":"34a3436c-5375-47be-8f36-352c265c0e5d","id":"@outputs('Create_file')?['body/ItemId']","item/Title":"@triggerBody()['Updatefileproperties_Title']"},"authentication":{"value":"@json(decodeBase64(triggerOutputs().headers['X-MS-APIM-Tokens']))['$ConnectionKey']","type":"Raw"}}}}},"connectionReferences":{"shared_sharepointonline":{"connectionName":"shared-sharepointonl-1fbd252a-b7b6-45b2-898b-7d1c-4869cf0a","source":"Invoker","id":"/providers/Microsoft.PowerApps/apis/shared_sharepointonline","tier":"NotSpecified"}},"flowFailureAlertSubscribed":false,"isManaged":false}}